timestamp,voltage_v,voltage_filtered_v,current_a,current_filtered_a,average_current_a,discharged_mah,remaining,scale,temperature,cell_count,voltage_cell_v[0],voltage_cell_v[1],voltage_cell_v[2],voltage_cell_v[3],max_cell_voltage_delta,capacity,cycle_count,run_time_to_empty,average_time_to_empty,serial_number,connected,system_source,priority,is_powering_off,warning
6693868,0.0,0.0,-1.0,0.0,0.0,0.0,1.0,1.0,nan,3,0.0,0.0,0.0,0.0,0.0,0,0,0,0,0,0,0,0,0,0
7193935,0.0,0.0,-1.0,0.0,0.0,0.0,1.0,1.0,nan,3,0.0,0.0,0.0,0.0,0.0,0,0,0,0,0,0,0,0,0,0
7693908,0.0,0.0,-1.0,0.0,0.0,0.0,1.0,1.0,nan,3,0.0,0.0,0.0,0.0,0.0,0,0,0,0,0,0,0,0,0,0
8193866,0.0,0.0,-1.0,0.0,0.0,0.0,1.0,1.0,nan,3,0.0,0.0,0.0,0.0,0.0,0,0,0,0,0,0,0,0,0,0
8693903,0.0,0.0,-1.0,0.0,0.0,0.0,1.0,1.0,nan,3,0.0,0.0,0.0,0.0,0.0,0,0,0,0,0,0,0,0,0,0
9193909,0.0,0.0,-1.0,0.0,0.0,0.0,1.0,1.0,nan,3,0.0,0.0,0.0,0.0,0.0,0,0,0,0,0,0,0,0,0,0
9693865,0.0,0.0,-1.0,0.0,0.0,0.0,1.0,1.0,nan,3,0.0,0.0,0.0,0.0,0.0,0,0,0,0,0,0,0,0,0,0
10193872,0.0,0.0,-1.0,0.0,0.0,0.0,1.0,1.0,nan,3,0.0,0.0,0.0,0.0,0.0,0,0,0,0,0,0,0,0,0,0
10705979,0.0,0.0,-1.0,0.0,0.0,0.0,1.0,1.0,nan,3,0.0,0.0,0.0,0.0,0.0,0,0,0,0,0,0,0,0,0,0
11204050,0.0,0.0,-1.0,0.0,0.0,0.0,1.0,1.0,nan,3,0.0,0.0,0.0,0.0,0.0,0,0,0,0,0,0,0,0,0,0
11703863,0.0,0.0,-1.0,0.0,0.0,0.0,1.0,1.0,nan,3,0.0,0.0,0.0,0.0,0.0,0,0,0,0,0,0,0,0,0,0
12204154,0.0,0.0,-1.0,0.0,0.0,0.0,1.0,1.0,nan,3,0.0,0.0,0.0,0.0,0.0,0,0,0,0,0,0,0,0,0,0
12704137,0.0,0.0,-1.0,0.0,0.0,0.0,1.0,1.0,nan,3,0.0,0.0,0.0,0.0,0.0,0,0,0,0,0,0,0,0,0,0
13204873,0.0,0.0,-1.0,0.0,0.0,0.0,1.0,1.0,nan,3,0.0,0.0,0.0,0.0,0.0,0,0,0,0,0,0,0,0,0,0
13713866,0.0,0.0,-1.0,0.0,0.0,0.0,1.0,1.0,nan,3,0.0,0.0,0.0,0.0,0.0,0,0,0,0,0,0,0,0,0,0
14214660,0.0,0.0,-1.0,0.0,0.0,0.0,1.0,1.0,nan,3,0.0,0.0,0.0,0.0,0.0,0,0,0,0,0,0,0,0,0,0
14713865,0.0,0.0,-1.0,0.0,0.0,0.0,1.0,1.0,nan,3,0.0,0.0,0.0,0.0,0.0,0,0,0,0,0,0,0,0,0,0
15213863,0.0,0.0,-1.0,0.0,0.0,0.0,1.0,1.0,nan,3,0.0,0.0,0.0,0.0,0.0,0,0,0,0,0,0,0,0,0,0
15713863,0.0,0.0,-1.0,0.0,0.0,0.0,1.0,1.0,nan,3,0.0,0.0,0.0,0.0,0.0,0,0,0,0,0,0,0,0,0,0
16225799,0.0,0.0,-1.0,0.0,0.0,0.0,1.0,1.0,nan,3,0.0,0.0,0.0,0.0,0.0,0,0,0,0,0,0,0,0,0,0
16724111,0.0,0.0,-1.0,0.0,0.0,0.0,1.0,1.0,nan,3,0.0,0.0,0.0,0.0,0.0,0,0,0,0,0,0,0,0,0,0
17223863,0.0,0.0,-1.0,0.0,0.0,0.0,1.0,1.0,nan,3,0.0,0.0,0.0,0.0,0.0,0,0,0,0,0,0,0,0,0,0
17724154,0.0,0.0,-1.0,0.0,0.0,0.0,1.0,1.0,nan,3,0.0,0.0,0.0,0.0,0.0,0,0,0,0,0,0,0,0,0,0
18224014,0.0,0.0,-1.0,0.0,0.0,0.0,1.0,1.0,nan,3,0.0,0.0,0.0,0.0,0.0,0,0,0,0,0,0,0,0,0,0
18725290,0.0,0.0,-1.0,0.0,0.0,0.0,1.0,1.0,nan,3,0.0,0.0,0.0,0.0,0.0,0,0,0,0,0,0,0,0,0,0
19224238,0.0,0.0,-1.0,0.0,0.0,0.0,1.0,1.0,nan,3,0.0,0.0,0.0,0.0,0.0,0,0,0,0,0,0,0,0,0,0
19735343,0.0,0.0,-1.0,0.0,0.0,0.0,1.0,1.0,nan,3,0.0,0.0,0.0,0.0,0.0,0,0,0,0,0,0,0,0,0,0
20233865,0.0,0.0,-1.0,0.0,0.0,0.0,1.0,1.0,nan,3,0.0,0.0,0.0,0.0,0.0,0,0,0,0,0,0,0,0,0,0
20733863,0.0,0.0,-1.0,0.0,0.0,0.0,1.0,1.0,nan,3,0.0,0.0,0.0,0.0,0.0,0,0,0,0,0,0,0,0,0,0
21233867,0.0,0.0,-1.0,0.0,0.0,0.0,1.0,1.0,nan,3,0.0,0.0,0.0,0.0,0.0,0,0,0,0,0,0,0,0,0,0
21745128,0.0,0.0,-1.0,0.0,0.0,0.0,1.0,1.0,nan,3,0.0,0.0,0.0,0.0,0.0,0,0,0,0,0,0,0,0,0,0
22244176,0.0,0.0,-1.0,0.0,0.0,0.0,1.0,1.0,nan,3,0.0,0.0,0.0,0.0,0.0,0,0,0,0,0,0,0,0,0,0
22743866,0.0,0.0,-1.0,0.0,0.0,0.0,1.0,1.0,nan,3,0.0,0.0,0.0,0.0,0.0,0,0,0,0,0,0,0,0,0,0
23244071,0.0,0.0,-1.0,0.0,0.0,0.0,1.0,1.0,nan,3,0.0,0.0,0.0,0.0,0.0,0,0,0,0,0,0,0,0,0,0
23744046,0.0,0.0,-1.0,0.0,0.0,0.0,1.0,1.0,nan,3,0.0,0.0,0.0,0.0,0.0,0,0,0,0,0,0,0,0,0,0
24244104,0.0,0.0,-1.0,0.0,0.0,0.0,1.0,1.0,nan,3,0.0,0.0,0.0,0.0,0.0,0,0,0,0,0,0,0,0,0,0
24744126,0.0,0.0,-1.0,0.0,0.0,0.0,1.0,1.0,nan,3,0.0,0.0,0.0,0.0,0.0,0,0,0,0,0,0,0,0,0,0
25243881,0.0,0.0,-1.0,0.0,0.0,0.0,1.0,1.0,nan,3,0.0,0.0,0.0,0.0,0.0,0,0,0,0,0,0,0,0,0,0
25744079,0.0,0.0,-1.0,0.0,0.0,0.0,1.0,1.0,nan,3,0.0,0.0,0.0,0.0,0.0,0,0,0,0,0,0,0,0,0,0
26253865,0.0,0.0,-1.0,0.0,0.0,0.0,1.0,1.0,nan,3,0.0,0.0,0.0,0.0,0.0,0,0,0,0,0,0,0,0,0,0
26753918,0.0,0.0,-1.0,0.0,0.0,0.0,1.0,1.0,nan,3,0.0,0.0,0.0,0.0,0.0,0,0,0,0,0,0,0,0,0,0
27253869,0.0,0.0,-1.0,0.0,0.0,0.0,1.0,1.0,nan,3,0.0,0.0,0.0,0.0,0.0,0,0,0,0,0,0,0,0,0,0
27753865,0.0,0.0,-1.0,0.0,0.0,0.0,1.0,1.0,nan,3,0.0,0.0,0.0,0.0,0.0,0,0,0,0,0,0,0,0,0,0
28253925,0.0,0.0,-1.0,0.0,0.0,0.0,1.0,1.0,nan,3,0.0,0.0,0.0,0.0,0.0,0,0,0,0,0,0,0,0,0,0
28753870,0.0,0.0,-1.0,0.0,0.0,0.0,1.0,1.0,nan,3,0.0,0.0,0.0,0.0,0.0,0,0,0,0,0,0,0,0,0,0
29253863,0.0,0.0,-1.0,0.0,0.0,0.0,1.0,1.0,nan,3,0.0,0.0,0.0,0.0,0.0,0,0,0,0,0,0,0,0,0,0
29753863,0.0,0.0,-1.0,0.0,0.0,0.0,1.0,1.0,nan,3,0.0,0.0,0.0,0.0,0.0,0,0,0,0,0,0,0,0,0,0
30254124,0.0,0.0,-1.0,0.0,0.0,0.0,1.0,1.0,nan,3,0.0,0.0,0.0,0.0,0.0,0,0,0,0,0,0,0,0,0,0
30753879,0.0,0.0,-1.0,0.0,0.0,0.0,1.0,1.0,nan,3,0.0,0.0,0.0,0.0,0.0,0,0,0,0,0,0,0,0,0,0
31264093,0.0,0.0,-1.0,0.0,0.0,0.0,1.0,1.0,nan,3,0.0,0.0,0.0,0.0,0.0,0,0,0,0,0,0,0,0,0,0
31764100,0.0,0.0,-1.0,0.0,0.0,0.0,1.0,1.0,nan,3,0.0,0.0,0.0,0.0,0.0,0,0,0,0,0,0,0,0,0,0
32264040,0.0,0.0,-1.0,0.0,0.0,0.0,1.0,1.0,nan,3,0.0,0.0,0.0,0.0,0.0,0,0,0,0,0,0,0,0,0,0
32764116,0.0,0.0,-1.0,0.0,0.0,0.0,1.0,1.0,nan,3,0.0,0.0,0.0,0.0,0.0,0,0,0,0,0,0,0,0,0,0
33273941,0.0,0.0,-1.0,0.0,0.0,0.0,1.0,1.0,nan,3,0.0,0.0,0.0,0.0,0.0,0,0,0,0,0,0,0,0,0,0
33773868,0.0,0.0,-1.0,0.0,0.0,0.0,1.0,1.0,nan,3,0.0,0.0,0.0,0.0,0.0,0,0,0,0,0,0,0,0,0,0
34273865,0.0,0.0,-1.0,0.0,0.0,0.0,1.0,1.0,nan,3,0.0,0.0,0.0,0.0,0.0,0,0,0,0,0,0,0,0,0,0
34773863,0.0,0.0,-1.0,0.0,0.0,0.0,1.0,1.0,nan,3,0.0,0.0,0.0,0.0,0.0,0,0,0,0,0,0,0,0,0,0
35273873,0.0,0.0,-1.0,0.0,0.0,0.0,1.0,1.0,nan,3,0.0,0.0,0.0,0.0,0.0,0,0,0,0,0,0,0,0,0,0
35773941,0.0,0.0,-1.0,0.0,0.0,0.0,1.0,1.0,nan,3,0.0,0.0,0.0,0.0,0.0,0,0,0,0,0,0,0,0,0,0
36273863,0.0,0.0,-1.0,0.0,0.0,0.0,1.0,1.0,nan,3,0.0,0.0,0.0,0.0,0.0,0,0,0,0,0,0,0,0,0,0
36784111,0.0,0.0,-1.0,0.0,0.0,0.0,1.0,1.0,nan,3,0.0,0.0,0.0,0.0,0.0,0,0,0,0,0,0,0,0,0,0
37284051,0.0,0.0,-1.0,0.0,0.0,0.0,1.0,1.0,nan,3,0.0,0.0,0.0,0.0,0.0,0,0,0,0,0,0,0,0,0,0
37784497,0.0,0.0,-1.0,0.0,0.0,0.0,1.0,1.0,nan,3,0.0,0.0,0.0,0.0,0.0,0,0,0,0,0,0,0,0,0,0
38284235,0.0,0.0,-1.0,0.0,0.0,0.0,1.0,1.0,nan,3,0.0,0.0,0.0,0.0,0.0,0,0,0,0,0,0,0,0,0,0
38784117,0.0,0.0,-1.0,0.0,0.0,0.0,1.0,1.0,nan,3,0.0,0.0,0.0,0.0,0.0,0,0,0,0,0,0,0,0,0,0
39283866,0.0,0.0,-1.0,0.0,0.0,0.0,1.0,1.0,nan,3,0.0,0.0,0.0,0.0,0.0,0,0,0,0,0,0,0,0,0,0
39784226,0.0,0.0,-1.0,0.0,0.0,0.0,1.0,1.0,nan,3,0.0,0.0,0.0,0.0,0.0,0,0,0,0,0,0,0,0,0,0
40285166,0.0,0.0,-1.0,0.0,0.0,0.0,1.0,1.0,nan,3,0.0,0.0,0.0,0.0,0.0,0,0,0,0,0,0,0,0,0,0
40784239,0.0,0.0,-1.0,0.0,0.0,0.0,1.0,1.0,nan,3,0.0,0.0,0.0,0.0,0.0,0,0,0,0,0,0,0,0,0,0
41293865,0.0,0.0,-1.0,0.0,0.0,0.0,1.0,1.0,nan,3,0.0,0.0,0.0,0.0,0.0,0,0,0,0,0,0,0,0,0,0
41793866,0.0,0.0,-1.0,0.0,0.0,0.0,1.0,1.0,nan,3,0.0,0.0,0.0,0.0,0.0,0,0,0,0,0,0,0,0,0,0
42293920,0.0,0.0,-1.0,0.0,0.0,0.0,1.0,1.0,nan,3,0.0,0.0,0.0,0.0,0.0,0,0,0,0,0,0,0,0,0,0
42793872,0.0,0.0,-1.0,0.0,0.0,0.0,1.0,1.0,nan,3,0.0,0.0,0.0,0.0,0.0,0,0,0,0,0,0,0,0,0,0
43293863,0.0,0.0,-1.0,0.0,0.0,0.0,1.0,1.0,nan,3,0.0,0.0,0.0,0.0,0.0,0,0,0,0,0,0,0,0,0,0
43793874,0.0,0.0,-1.0,0.0,0.0,0.0,1.0,1.0,nan,3,0.0,0.0,0.0,0.0,0.0,0,0,0,0,0,0,0,0,0,0
44303863,0.0,0.0,-1.0,0.0,0.0,0.0,1.0,1.0,nan,3,0.0,0.0,0.0,0.0,0.0,0,0,0,0,0,0,0,0,0,0
44803880,0.0,0.0,-1.0,0.0,0.0,0.0,1.0,1.0,nan,3,0.0,0.0,0.0,0.0,0.0,0,0,0,0,0,0,0,0,0,0
45304090,0.0,0.0,-1.0,0.0,0.0,0.0,1.0,1.0,nan,3,0.0,0.0,0.0,0.0,0.0,0,0,0,0,0,0,0,0,0,0
45804240,0.0,0.0,-1.0,0.0,0.0,0.0,1.0,1.0,nan,3,0.0,0.0,0.0,0.0,0.0,0,0,0,0,0,0,0,0,0,0
46304166,0.0,0.0,-1.0,0.0,0.0,0.0,1.0,1.0,nan,3,0.0,0.0,0.0,0.0,0.0,0,0,0,0,0,0,0,0,0,0
46804094,0.0,0.0,-1.0,0.0,0.0,0.0,1.0,1.0,nan,3,0.0,0.0,0.0,0.0,0.0,0,0,0,0,0,0,0,0,0,0
47303869,0.0,0.0,-1.0,0.0,0.0,0.0,1.0,1.0,nan,3,0.0,0.0,0.0,0.0,0.0,0,0,0,0,0,0,0,0,0,0
47813865,0.0,0.0,-1.0,0.0,0.0,0.0,1.0,1.0,nan,3,0.0,0.0,0.0,0.0,0.0,0,0,0,0,0,0,0,0,0,0
48313863,0.0,0.0,-1.0,0.0,0.0,0.0,1.0,1.0,nan,3,0.0,0.0,0.0,0.0,0.0,0,0,0,0,0,0,0,0,0,0
48813863,0.0,0.0,-1.0,0.0,0.0,0.0,1.0,1.0,nan,3,0.0,0.0,0.0,0.0,0.0,0,0,0,0,0,0,0,0,0,0
49314614,0.0,0.0,-1.0,0.0,0.0,0.0,1.0,1.0,nan,3,0.0,0.0,0.0,0.0,0.0,0,0,0,0,0,0,0,0,0,0
49813867,0.0,0.0,-1.0,0.0,0.0,0.0,1.0,1.0,nan,3,0.0,0.0,0.0,0.0,0.0,0,0,0,0,0,0,0,0,0,0
50323880,0.0,0.0,-1.0,0.0,0.0,0.0,1.0,1.0,nan,3,0.0,0.0,0.0,0.0,0.0,0,0,0,0,0,0,0,0,0,0
50824162,0.0,0.0,-1.0,0.0,0.0,0.0,1.0,1.0,nan,3,0.0,0.0,0.0,0.0,0.0,0,0,0,0,0,0,0,0,0,0
51324139,0.0,0.0,-1.0,0.0,0.0,0.0,1.0,1.0,nan,3,0.0,0.0,0.0,0.0,0.0,0,0,0,0,0,0,0,0,0,0
51824176,0.0,0.0,-1.0,0.0,0.0,0.0,1.0,1.0,nan,3,0.0,0.0,0.0,0.0,0.0,0,0,0,0,0,0,0,0,0,0
52324104,0.0,0.0,-1.0,0.0,0.0,0.0,1.0,1.0,nan,3,0.0,0.0,0.0,0.0,0.0,0,0,0,0,0,0,0,0,0,0
52823996,0.0,0.0,-1.0,0.0,0.0,0.0,1.0,1.0,nan,3,0.0,0.0,0.0,0.0,0.0,0,0,0,0,0,0,0,0,0,0
53333865,0.0,0.0,-1.0,0.0,0.0,0.0,1.0,1.0,nan,3,0.0,0.0,0.0,0.0,0.0,0,0,0,0,0,0,0,0,0,0
53833865,0.0,0.0,-1.0,0.0,0.0,0.0,1.0,1.0,nan,3,0.0,0.0,0.0,0.0,0.0,0,0,0,0,0,0,0,0,0,0
54333863,0.0,0.0,-1.0,0.0,0.0,0.0,1.0,1.0,nan,3,0.0,0.0,0.0,0.0,0.0,0,0,0,0,0,0,0,0,0,0
54833866,0.0,0.0,-1.0,0.0,0.0,0.0,1.0,1.0,nan,3,0.0,0.0,0.0,0.0,0.0,0,0,0,0,0,0,0,0,0,0
55333881,0.0,0.0,-1.0,0.0,0.0,0.0,1.0,1.0,nan,3,0.0,0.0,0.0,0.0,0.0,0,0,0,0,0,0,0,0,0,0
55833865,0.0,0.0,-1.0,0.0,0.0,0.0,1.0,1.0,nan,3,0.0,0.0,0.0,0.0,0.0,0,0,0,0,0,0,0,0,0,0
56333866,0.0,0.0,-1.0,0.0,0.0,0.0,1.0,1.0,nan,3,0.0,0.0,0.0,0.0,0.0,0,0,0,0,0,0,0,0,0,0
56833863,0.0,0.0,-1.0,0.0,0.0,0.0,1.0,1.0,nan,3,0.0,0.0,0.0,0.0,0.0,0,0,0,0,0,0,0,0,0,0
57333866,0.0,0.0,-1.0,0.0,0.0,0.0,1.0,1.0,nan,3,0.0,0.0,0.0,0.0,0.0,0,0,0,0,0,0,0,0,0,0
57833911,0.0,0.0,-1.0,0.0,0.0,0.0,1.0,1.0,nan,3,0.0,0.0,0.0,0.0,0.0,0,0,0,0,0,0,0,0,0,0
58334650,0.0,0.0,-1.0,0.0,0.0,0.0,1.0,1.0,nan,3,0.0,0.0,0.0,0.0,0.0,0,0,0,0,0,0,0,0,0,0
58833865,0.0,0.0,-1.0,0.0,0.0,0.0,1.0,1.0,nan,3,0.0,0.0,0.0,0.0,0.0,0,0,0,0,0,0,0,0,0,0
59344394,0.0,0.0,-1.0,0.0,0.0,0.0,1.0,1.0,nan,3,0.0,0.0,0.0,0.0,0.0,0,0,0,0,0,0,0,0,0,0
59844189,0.0,0.0,-1.0,0.0,0.0,0.0,1.0,1.0,nan,3,0.0,0.0,0.0,0.0,0.0,0,0,0,0,0,0,0,0,0,0
60344077,0.0,0.0,-1.0,0.0,0.0,0.0,1.0,1.0,nan,3,0.0,0.0,0.0,0.0,0.0,0,0,0,0,0,0,0,0,0,0
60844041,0.0,0.0,-1.0,0.0,0.0,0.0,1.0,1.0,nan,3,0.0,0.0,0.0,0.0,0.0,0,0,0,0,0,0,0,0,0,0
61344163,0.0,0.0,-1.0,0.0,0.0,0.0,1.0,1.0,nan,3,0.0,0.0,0.0,0.0,0.0,0,0,0,0,0,0,0,0,0,0
61844151,0.0,0.0,-1.0,0.0,0.0,0.0,1.0,1.0,nan,3,0.0,0.0,0.0,0.0,0.0,0,0,0,0,0,0,0,0,0,0
62344107,0.0,0.0,-1.0,0.0,0.0,0.0,1.0,1.0,nan,3,0.0,0.0,0.0,0.0,0.0,0,0,0,0,0,0,0,0,0,0
62853865,0.0,0.0,-1.0,0.0,0.0,0.0,1.0,1.0,nan,3,0.0,0.0,0.0,0.0,0.0,0,0,0,0,0,0,0,0,0,0
63353871,0.0,0.0,-1.0,0.0,0.0,0.0,1.0,1.0,nan,3,0.0,0.0,0.0,0.0,0.0,0,0,0,0,0,0,0,0,0,0
63854503,0.0,0.0,-1.0,0.0,0.0,0.0,1.0,1.0,nan,3,0.0,0.0,0.0,0.0,0.0,0,0,0,0,0,0,0,0,0,0
64353867,0.0,0.0,-1.0,0.0,0.0,0.0,1.0,1.0,nan,3,0.0,0.0,0.0,0.0,0.0,0,0,0,0,0,0,0,0,0,0
64853863,0.0,0.0,-1.0,0.0,0.0,0.0,1.0,1.0,nan,3,0.0,0.0,0.0,0.0,0.0,0,0,0,0,0,0,0,0,0,0
65353918,0.0,0.0,-1.0,0.0,0.0,0.0,1.0,1.0,nan,3,0.0,0.0,0.0,0.0,0.0,0,0,0,0,0,0,0,0,0,0
65853866,0.0,0.0,-1.0,0.0,0.0,0.0,1.0,1.0,nan,3,0.0,0.0,0.0,0.0,0.0,0,0,0,0,0,0,0,0,0,0
66354901,0.0,0.0,-1.0,0.0,0.0,0.0,1.0,1.0,nan,3,0.0,0.0,0.0,0.0,0.0,0,0,0,0,0,0,0,0,0,0
66853865,0.0,0.0,-1.0,0.0,0.0,0.0,1.0,1.0,nan,3,0.0,0.0,0.0,0.0,0.0,0,0,0,0,0,0,0,0,0,0
67364179,0.0,0.0,-1.0,0.0,0.0,0.0,1.0,1.0,nan,3,0.0,0.0,0.0,0.0,0.0,0,0,0,0,0,0,0,0,0,0
67864016,0.0,0.0,-1.0,0.0,0.0,0.0,1.0,1.0,nan,3,0.0,0.0,0.0,0.0,0.0,0,0,0,0,0,0,0,0,0,0
68365119,0.0,0.0,-1.0,0.0,0.0,0.0,1.0,1.0,nan,3,0.0,0.0,0.0,0.0,0.0,0,0,0,0,0,0,0,0,0,0
68864175,0.0,0.0,-1.0,0.0,0.0,0.0,1.0,1.0,nan,3,0.0,0.0,0.0,0.0,0.0,0,0,0,0,0,0,0,0,0,0
69363863,0.0,0.0,-1.0,0.0,0.0,0.0,1.0,1.0,nan,3,0.0,0.0,0.0,0.0,0.0,0,0,0,0,0,0,0,0,0,0
69864091,0.0,0.0,-1.0,0.0,0.0,0.0,1.0,1.0,nan,3,0.0,0.0,0.0,0.0,0.0,0,0,0,0,0,0,0,0,0,0
70364127,0.0,0.0,-1.0,0.0,0.0,0.0,1.0,1.0,nan,3,0.0,0.0,0.0,0.0,0.0,0,0,0,0,0,0,0,0,0,0
70865163,0.0,0.0,-1.0,0.0,0.0,0.0,1.0,1.0,nan,3,0.0,0.0,0.0,0.0,0.0,0,0,0,0,0,0,0,0,0,0
71364113,0.0,0.0,-1.0,0.0,0.0,0.0,1.0,1.0,nan,3,0.0,0.0,0.0,0.0,0.0,0,0,0,0,0,0,0,0,0,0
71874582,0.0,0.0,-1.0,0.0,0.0,0.0,1.0,1.0,nan,3,0.0,0.0,0.0,0.0,0.0,0,0,0,0,0,0,0,0,0,0
72373924,0.0,0.0,-1.0,0.0,0.0,0.0,1.0,1.0,nan,3,0.0,0.0,0.0,0.0,0.0,0,0,0,0,0,0,0,0,0,0
72873863,0.0,0.0,-1.0,0.0,0.0,0.0,1.0,1.0,nan,3,0.0,0.0,0.0,0.0,0.0,0,0,0,0,0,0,0,0,0,0
73373917,0.0,0.0,-1.0,0.0,0.0,0.0,1.0,1.0,nan,3,0.0,0.0,0.0,0.0,0.0,0,0,0,0,0,0,0,0,0,0
73873864,0.0,0.0,-1.0,0.0,0.0,0.0,1.0,1.0,nan,3,0.0,0.0,0.0,0.0,0.0,0,0,0,0,0,0,0,0,0,0
74373879,0.0,0.0,-1.0,0.0,0.0,0.0,1.0,1.0,nan,3,0.0,0.0,0.0,0.0,0.0,0,0,0,0,0,0,0,0,0,0
74873868,0.0,0.0,-1.0,0.0,0.0,0.0,1.0,1.0,nan,3,0.0,0.0,0.0,0.0,0.0,0,0,0,0,0,0,0,0,0,0
75384107,0.0,0.0,-1.0,0.0,0.0,0.0,1.0,1.0,nan,3,0.0,0.0,0.0,0.0,0.0,0,0,0,0,0,0,0,0,0,0
75884082,0.0,0.0,-1.0,0.0,0.0,0.0,1.0,1.0,nan,3,0.0,0.0,0.0,0.0,0.0,0,0,0,0,0,0,0,0,0,0
76385090,0.0,0.0,-1.0,0.0,0.0,0.0,1.0,1.0,nan,3,0.0,0.0,0.0,0.0,0.0,0,0,0,0,0,0,0,0,0,0
76884171,0.0,0.0,-1.0,0.0,0.0,0.0,1.0,1.0,nan,3,0.0,0.0,0.0,0.0,0.0,0,0,0,0,0,0,0,0,0,0
77383969,0.0,0.0,-1.0,0.0,0.0,0.0,1.0,1.0,nan,3,0.0,0.0,0.0,0.0,0.0,0,0,0,0,0,0,0,0,0,0
77884082,0.0,0.0,-1.0,0.0,0.0,0.0,1.0,1.0,nan,3,0.0,0.0,0.0,0.0,0.0,0,0,0,0,0,0,0,0,0,0
78384106,0.0,0.0,-1.0,0.0,0.0,0.0,1.0,1.0,nan,3,0.0,0.0,0.0,0.0,0.0,0,0,0,0,0,0,0,0,0,0
78885266,0.0,0.0,-1.0,0.0,0.0,0.0,1.0,1.0,nan,3,0.0,0.0,0.0,0.0,0.0,0,0,0,0,0,0,0,0,0,0
79393908,0.0,0.0,-1.0,0.0,0.0,0.0,1.0,1.0,nan,3,0.0,0.0,0.0,0.0,0.0,0,0,0,0,0,0,0,0,0,0
79893930,0.0,0.0,-1.0,0.0,0.0,0.0,1.0,1.0,nan,3,0.0,0.0,0.0,0.0,0.0,0,0,0,0,0,0,0,0,0,0
80393869,0.0,0.0,-1.0,0.0,0.0,0.0,1.0,1.0,nan,3,0.0,0.0,0.0,0.0,0.0,0,0,0,0,0,0,0,0,0,0
80893865,0.0,0.0,-1.0,0.0,0.0,0.0,1.0,1.0,nan,3,0.0,0.0,0.0,0.0,0.0,0,0,0,0,0,0,0,0,0,0
81393863,0.0,0.0,-1.0,0.0,0.0,0.0,1.0,1.0,nan,3,0.0,0.0,0.0,0.0,0.0,0,0,0,0,0,0,0,0,0,0
81893863,0.0,0.0,-1.0,0.0,0.0,0.0,1.0,1.0,nan,3,0.0,0.0,0.0,0.0,0.0,0,0,0,0,0,0,0,0,0,0
82394615,0.0,0.0,-1.0,0.0,0.0,0.0,1.0,1.0,nan,3,0.0,0.0,0.0,0.0,0.0,0,0,0,0,0,0,0,0,0,0
82893863,0.0,0.0,-1.0,0.0,0.0,0.0,1.0,1.0,nan,3,0.0,0.0,0.0,0.0,0.0,0,0,0,0,0,0,0,0,0,0
83393868,0.0,0.0,-1.0,0.0,0.0,0.0,1.0,1.0,nan,3,0.0,0.0,0.0,0.0,0.0,0,0,0,0,0,0,0,0,0,0
83904168,0.0,0.0,-1.0,0.0,0.0,0.0,1.0,1.0,nan,3,0.0,0.0,0.0,0.0,0.0,0,0,0,0,0,0,0,0,0,0
84404179,0.0,0.0,-1.0,0.0,0.0,0.0,1.0,1.0,nan,3,0.0,0.0,0.0,0.0,0.0,0,0,0,0,0,0,0,0,0,0
84904255,0.0,0.0,-1.0,0.0,0.0,0.0,1.0,1.0,nan,3,0.0,0.0,0.0,0.0,0.0,0,0,0,0,0,0,0,0,0,0
85404192,0.0,0.0,-1.0,0.0,0.0,0.0,1.0,1.0,nan,3,0.0,0.0,0.0,0.0,0.0,0,0,0,0,0,0,0,0,0,0
85903866,0.0,0.0,-1.0,0.0,0.0,0.0,1.0,1.0,nan,3,0.0,0.0,0.0,0.0,0.0,0,0,0,0,0,0,0,0,0,0
86404157,0.0,0.0,-1.0,0.0,0.0,0.0,1.0,1.0,nan,3,0.0,0.0,0.0,0.0,0.0,0,0,0,0,0,0,0,0,0,0
86904069,0.0,0.0,-1.0,0.0,0.0,0.0,1.0,1.0,nan,3,0.0,0.0,0.0,0.0,0.0,0,0,0,0,0,0,0,0,0,0
87413937,0.0,0.0,-1.0,0.0,0.0,0.0,1.0,1.0,nan,3,0.0,0.0,0.0,0.0,0.0,0,0,0,0,0,0,0,0,0,0
87913876,0.0,0.0,-1.0,0.0,0.0,0.0,1.0,1.0,nan,3,0.0,0.0,0.0,0.0,0.0,0,0,0,0,0,0,0,0,0,0
88415606,0.0,0.0,-1.0,0.0,0.0,0.0,1.0,1.0,nan,3,0.0,0.0,0.0,0.0,0.0,0,0,0,0,0,0,0,0,0,0
88913912,0.0,0.0,-1.0,0.0,0.0,0.0,1.0,1.0,nan,3,0.0,0.0,0.0,0.0,0.0,0,0,0,0,0,0,0,0,0,0
89424090,0.0,0.0,-1.0,0.0,0.0,0.0,1.0,1.0,nan,3,0.0,0.0,0.0,0.0,0.0,0,0,0,0,0,0,0,0,0,0
89924197,0.0,0.0,-1.0,0.0,0.0,0.0,1.0,1.0,nan,3,0.0,0.0,0.0,0.0,0.0,0,0,0,0,0,0,0,0,0,0
90424097,0.0,0.0,-1.0,0.0,0.0,0.0,1.0,1.0,nan,3,0.0,0.0,0.0,0.0,0.0,0,0,0,0,0,0,0,0,0,0
90924121,0.0,0.0,-1.0,0.0,0.0,0.0,1.0,1.0,nan,3,0.0,0.0,0.0,0.0,0.0,0,0,0,0,0,0,0,0,0,0
91423863,0.0,0.0,-1.0,0.0,0.0,0.0,1.0,1.0,nan,3,0.0,0.0,0.0,0.0,0.0,0,0,0,0,0,0,0,0,0,0
91924125,0.0,0.0,-1.0,0.0,0.0,0.0,1.0,1.0,nan,3,0.0,0.0,0.0,0.0,0.0,0,0,0,0,0,0,0,0,0,0
92424181,0.0,0.0,-1.0,0.0,0.0,0.0,1.0,1.0,nan,3,0.0,0.0,0.0,0.0,0.0,0,0,0,0,0,0,0,0,0,0
92925872,0.0,0.0,-1.0,0.0,0.0,0.0,1.0,1.0,nan,3,0.0,0.0,0.0,0.0,0.0,0,0,0,0,0,0,0,0,0,0
93424176,0.0,0.0,-1.0,0.0,0.0,0.0,1.0,1.0,nan,3,0.0,0.0,0.0,0.0,0.0,0,0,0,0,0,0,0,0,0,0
93923866,0.0,0.0,-1.0,0.0,0.0,0.0,1.0,1.0,nan,3,0.0,0.0,0.0,0.0,0.0,0,0,0,0,0,0,0,0,0,0
94424100,0.0,0.0,-1.0,0.0,0.0,0.0,1.0,1.0,nan,3,0.0,0.0,0.0,0.0,0.0,0,0,0,0,0,0,0,0,0,0
94924106,0.0,0.0,-1.0,0.0,0.0,0.0,1.0,1.0,nan,3,0.0,0.0,0.0,0.0,0.0,0,0,0,0,0,0,0,0,0,0
95433866,0.0,0.0,-1.0,0.0,0.0,0.0,1.0,1.0,nan,3,0.0,0.0,0.0,0.0,0.0,0,0,0,0,0,0,0,0,0,0
95933863,0.0,0.0,-1.0,0.0,0.0,0.0,1.0,1.0,nan,3,0.0,0.0,0.0,0.0,0.0,0,0,0,0,0,0,0,0,0,0
96433873,0.0,0.0,-1.0,0.0,0.0,0.0,1.0,1.0,nan,3,0.0,0.0,0.0,0.0,0.0,0,0,0,0,0,0,0,0,0,0
96944025,0.0,0.0,-1.0,0.0,0.0,0.0,1.0,1.0,nan,3,0.0,0.0,0.0,0.0,0.0,0,0,0,0,0,0,0,0,0,0
97444112,0.0,0.0,-1.0,0.0,0.0,0.0,1.0,1.0,nan,3,0.0,0.0,0.0,0.0,0.0,0,0,0,0,0,0,0,0,0,0
97944122,0.0,0.0,-1.0,0.0,0.0,0.0,1.0,1.0,nan,3,0.0,0.0,0.0,0.0,0.0,0,0,0,0,0,0,0,0,0,0
98445809,0.0,0.0,-1.0,0.0,0.0,0.0,1.0,1.0,nan,3,0.0,0.0,0.0,0.0,0.0,0,0,0,0,0,0,0,0,0,0
98944104,0.0,0.0,-1.0,0.0,0.0,0.0,1.0,1.0,nan,3,0.0,0.0,0.0,0.0,0.0,0,0,0,0,0,0,0,0,0,0
99454011,0.0,0.0,-1.0,0.0,0.0,0.0,1.0,1.0,nan,3,0.0,0.0,0.0,0.0,0.0,0,0,0,0,0,0,0,0,0,0
99953865,0.0,0.0,-1.0,0.0,0.0,0.0,1.0,1.0,nan,3,0.0,0.0,0.0,0.0,0.0,0,0,0,0,0,0,0,0,0,0
100453919,0.0,0.0,-1.0,0.0,0.0,0.0,1.0,1.0,nan,3,0.0,0.0,0.0,0.0,0.0,0,0,0,0,0,0,0,0,0,0
100953866,0.0,0.0,-1.0,0.0,0.0,0.0,1.0,1.0,nan,3,0.0,0.0,0.0,0.0,0.0,0,0,0,0,0,0,0,0,0,0
101453865,0.0,0.0,-1.0,0.0,0.0,0.0,1.0,1.0,nan,3,0.0,0.0,0.0,0.0,0.0,0,0,0,0,0,0,0,0,0,0
101953874,0.0,0.0,-1.0,0.0,0.0,0.0,1.0,1.0,nan,3,0.0,0.0,0.0,0.0,0.0,0,0,0,0,0,0,0,0,0,0
102453867,0.0,0.0,-1.0,0.0,0.0,0.0,1.0,1.0,nan,3,0.0,0.0,0.0,0.0,0.0,0,0,0,0,0,0,0,0,0,0
102953878,0.0,0.0,-1.0,0.0,0.0,0.0,1.0,1.0,nan,3,0.0,0.0,0.0,0.0,0.0,0,0,0,0,0,0,0,0,0,0
103453865,0.0,0.0,-1.0,0.0,0.0,0.0,1.0,1.0,nan,3,0.0,0.0,0.0,0.0,0.0,0,0,0,0,0,0,0,0,0,0
103953867,0.0,0.0,-1.0,0.0,0.0,0.0,1.0,1.0,nan,3,0.0,0.0,0.0,0.0,0.0,0,0,0,0,0,0,0,0,0,0
104454036,0.0,0.0,-1.0,0.0,0.0,0.0,1.0,1.0,nan,3,0.0,0.0,0.0,0.0,0.0,0,0,0,0,0,0,0,0,0,0
104953878,0.0,0.0,-1.0,0.0,0.0,0.0,1.0,1.0,nan,3,0.0,0.0,0.0,0.0,0.0,0,0,0,0,0,0,0,0,0,0
105464124,0.0,0.0,-1.0,0.0,0.0,0.0,1.0,1.0,nan,3,0.0,0.0,0.0,0.0,0.0,0,0,0,0,0,0,0,0,0,0
105964200,0.0,0.0,-1.0,0.0,0.0,0.0,1.0,1.0,nan,3,0.0,0.0,0.0,0.0,0.0,0,0,0,0,0,0,0,0,0,0
106464974,0.0,0.0,-1.0,0.0,0.0,0.0,1.0,1.0,nan,3,0.0,0.0,0.0,0.0,0.0,0,0,0,0,0,0,0,0,0,0
106973915,0.0,0.0,-1.0,0.0,0.0,0.0,1.0,1.0,nan,3,0.0,0.0,0.0,0.0,0.0,0,0,0,0,0,0,0,0,0,0
107474032,0.0,0.0,-1.0,0.0,0.0,0.0,1.0,1.0,nan,3,0.0,0.0,0.0,0.0,0.0,0,0,0,0,0,0,0,0,0,0
107973865,0.0,0.0,-1.0,0.0,0.0,0.0,1.0,1.0,nan,3,0.0,0.0,0.0,0.0,0.0,0,0,0,0,0,0,0,0,0,0
108473865,0.0,0.0,-1.0,0.0,0.0,0.0,1.0,1.0,nan,3,0.0,0.0,0.0,0.0,0.0,0,0,0,0,0,0,0,0,0,0
108973863,0.0,0.0,-1.0,0.0,0.0,0.0,1.0,1.0,nan,3,0.0,0.0,0.0,0.0,0.0,0,0,0,0,0,0,0,0,0,0
109473863,0.0,0.0,-1.0,0.0,0.0,0.0,1.0,1.0,nan,3,0.0,0.0,0.0,0.0,0.0,0,0,0,0,0,0,0,0,0,0
109973892,0.0,0.0,-1.0,0.0,0.0,0.0,1.0,1.0,nan,3,0.0,0.0,0.0,0.0,0.0,0,0,0,0,0,0,0,0,0,0
110473889,0.0,0.0,-1.0,0.0,0.0,0.0,1.0,1.0,nan,3,0.0,0.0,0.0,0.0,0.0,0,0,0,0,0,0,0,0,0,0
110984147,0.0,0.0,-1.0,0.0,0.0,0.0,1.0,1.0,nan,3,0.0,0.0,0.0,0.0,0.0,0,0,0,0,0,0,0,0,0,0
111484120,0.0,0.0,-1.0,0.0,0.0,0.0,1.0,1.0,nan,3,0.0,0.0,0.0,0.0,0.0,0,0,0,0,0,0,0,0,0,0
111984791,0.0,0.0,-1.0,0.0,0.0,0.0,1.0,1.0,nan,3,0.0,0.0,0.0,0.0,0.0,0,0,0,0,0,0,0,0,0,0
112484146,0.0,0.0,-1.0,0.0,0.0,0.0,1.0,1.0,nan,3,0.0,0.0,0.0,0.0,0.0,0,0,0,0,0,0,0,0,0,0
112984170,0.0,0.0,-1.0,0.0,0.0,0.0,1.0,1.0,nan,3,0.0,0.0,0.0,0.0,0.0,0,0,0,0,0,0,0,0,0,0
113484020,0.0,0.0,-1.0,0.0,0.0,0.0,1.0,1.0,nan,3,0.0,0.0,0.0,0.0,0.0,0,0,0,0,0,0,0,0,0,0
113984037,0.0,0.0,-1.0,0.0,0.0,0.0,1.0,1.0,nan,3,0.0,0.0,0.0,0.0,0.0,0,0,0,0,0,0,0,0,0,0
114484339,0.0,0.0,-1.0,0.0,0.0,0.0,1.0,1.0,nan,3,0.0,0.0,0.0,0.0,0.0,0,0,0,0,0,0,0,0,0,0
114993867,0.0,0.0,-1.0,0.0,0.0,0.0,1.0,1.0,nan,3,0.0,0.0,0.0,0.0,0.0,0,0,0,0,0,0,0,0,0,0
115493869,0.0,0.0,-1.0,0.0,0.0,0.0,1.0,1.0,nan,3,0.0,0.0,0.0,0.0,0.0,0,0,0,0,0,0,0,0,0,0
115993865,0.0,0.0,-1.0,0.0,0.0,0.0,1.0,1.0,nan,3,0.0,0.0,0.0,0.0,0.0,0,0,0,0,0,0,0,0,0,0
116493865,0.0,0.0,-1.0,0.0,0.0,0.0,1.0,1.0,nan,3,0.0,0.0,0.0,0.0,0.0,0,0,0,0,0,0,0,0,0,0
116993896,0.0,0.0,-1.0,0.0,0.0,0.0,1.0,1.0,nan,3,0.0,0.0,0.0,0.0,0.0,0,0,0,0,0,0,0,0,0,0
117493868,0.0,0.0,-1.0,0.0,0.0,0.0,1.0,1.0,nan,3,0.0,0.0,0.0,0.0,0.0,0,0,0,0,0,0,0,0,0,0
117993868,0.0,0.0,-1.0,0.0,0.0,0.0,1.0,1.0,nan,3,0.0,0.0,0.0,0.0,0.0,0,0,0,0,0,0,0,0,0,0
118493863,0.0,0.0,-1.0,0.0,0.0,0.0,1.0,1.0,nan,3,0.0,0.0,0.0,0.0,0.0,0,0,0,0,0,0,0,0,0,0
118994618,0.0,0.0,-1.0,0.0,0.0,0.0,1.0,1.0,nan,3,0.0,0.0,0.0,0.0,0.0,0,0,0,0,0,0,0,0,0,0
119504096,0.0,0.0,-1.0,0.0,0.0,0.0,1.0,1.0,nan,3,0.0,0.0,0.0,0.0,0.0,0,0,0,0,0,0,0,0,0,0
120004320,0.0,0.0,-1.0,0.0,0.0,0.0,1.0,1.0,nan,3,0.0,0.0,0.0,0.0,0.0,0,0,0,0,0,0,0,0,0,0
120504226,0.0,0.0,-1.0,0.0,0.0,0.0,1.0,1.0,nan,3,0.0,0.0,0.0,0.0,0.0,0,0,0,0,0,0,0,0,0,0
121004180,0.0,0.0,-1.0,0.0,0.0,0.0,1.0,1.0,nan,3,0.0,0.0,0.0,0.0,0.0,0,0,0,0,0,0,0,0,0,0
121503877,0.0,0.0,-1.0,0.0,0.0,0.0,1.0,1.0,nan,3,0.0,0.0,0.0,0.0,0.0,0,0,0,0,0,0,0,0,0,0
122004109,0.0,0.0,-1.0,0.0,0.0,0.0,1.0,1.0,nan,3,0.0,0.0,0.0,0.0,0.0,0,0,0,0,0,0,0,0,0,0
122504133,0.0,0.0,-1.0,0.0,0.0,0.0,1.0,1.0,nan,3,0.0,0.0,0.0,0.0,0.0,0,0,0,0,0,0,0,0,0,0
123004066,0.0,0.0,-1.0,0.0,0.0,0.0,1.0,1.0,nan,3,0.0,0.0,0.0,0.0,0.0,0,0,0,0,0,0,0,0,0,0
123505874,0.0,0.0,-1.0,0.0,0.0,0.0,1.0,1.0,nan,3,0.0,0.0,0.0,0.0,0.0,0,0,0,0,0,0,0,0,0,0
124004171,0.0,0.0,-1.0,0.0,0.0,0.0,1.0,1.0,nan,3,0.0,0.0,0.0,0.0,0.0,0,0,0,0,0,0,0,0,0,0
124513922,0.0,0.0,-1.0,0.0,0.0,0.0,1.0,1.0,nan,3,0.0,0.0,0.0,0.0,0.0,0,0,0,0,0,0,0,0,0,0
125013865,0.0,0.0,-1.0,0.0,0.0,0.0,1.0,1.0,nan,3,0.0,0.0,0.0,0.0,0.0,0,0,0,0,0,0,0,0,0,0
125513865,0.0,0.0,-1.0,0.0,0.0,0.0,1.0,1.0,nan,3,0.0,0.0,0.0,0.0,0.0,0,0,0,0,0,0,0,0,0,0
126013867,0.0,0.0,-1.0,0.0,0.0,0.0,1.0,1.0,nan,3,0.0,0.0,0.0,0.0,0.0,0,0,0,0,0,0,0,0,0,0
126513872,0.0,0.0,-1.0,0.0,0.0,0.0,1.0,1.0,nan,3,0.0,0.0,0.0,0.0,0.0,0,0,0,0,0,0,0,0,0,0
127013865,0.0,0.0,-1.0,0.0,0.0,0.0,1.0,1.0,nan,3,0.0,0.0,0.0,0.0,0.0,0,0,0,0,0,0,0,0,0,0
127513872,0.0,0.0,-1.0,0.0,0.0,0.0,1.0,1.0,nan,3,0.0,0.0,0.0,0.0,0.0,0,0,0,0,0,0,0,0,0,0
128013912,0.0,0.0,-1.0,0.0,0.0,0.0,1.0,1.0,nan,3,0.0,0.0,0.0,0.0,0.0,0,0,0,0,0,0,0,0,0,0
128513880,0.0,0.0,-1.0,0.0,0.0,0.0,1.0,1.0,nan,3,0.0,0.0,0.0,0.0,0.0,0,0,0,0,0,0,0,0,0,0
129013869,0.0,0.0,-1.0,0.0,0.0,0.0,1.0,1.0,nan,3,0.0,0.0,0.0,0.0,0.0,0,0,0,0,0,0,0,0,0,0
129513863,0.0,0.0,-1.0,0.0,0.0,0.0,1.0,1.0,nan,3,0.0,0.0,0.0,0.0,0.0,0,0,0,0,0,0,0,0,0,0
130013863,0.0,0.0,-1.0,0.0,0.0,0.0,1.0,1.0,nan,3,0.0,0.0,0.0,0.0,0.0,0,0,0,0,0,0,0,0,0,0
130524940,0.0,0.0,-1.0,0.0,0.0,0.0,1.0,1.0,nan,3,0.0,0.0,0.0,0.0,0.0,0,0,0,0,0,0,0,0,0,0
131024181,0.0,0.0,-1.0,0.0,0.0,0.0,1.0,1.0,nan,3,0.0,0.0,0.0,0.0,0.0,0,0,0,0,0,0,0,0,0,0
131525301,0.0,0.0,-1.0,0.0,0.0,0.0,1.0,1.0,nan,3,0.0,0.0,0.0,0.0,0.0,0,0,0,0,0,0,0,0,0,0
132033863,0.0,0.0,-1.0,0.0,0.0,0.0,1.0,1.0,nan,3,0.0,0.0,0.0,0.0,0.0,0,0,0,0,0,0,0,0,0,0
132533867,0.0,0.0,-1.0,0.0,0.0,0.0,1.0,1.0,nan,3,0.0,0.0,0.0,0.0,0.0,0,0,0,0,0,0,0,0,0,0
133033904,0.0,0.0,-1.0,0.0,0.0,0.0,1.0,1.0,nan,3,0.0,0.0,0.0,0.0,0.0,0,0,0,0,0,0,0,0,0,0
133533863,0.0,0.0,-1.0,0.0,0.0,0.0,1.0,1.0,nan,3,0.0,0.0,0.0,0.0,0.0,0,0,0,0,0,0,0,0,0,0
134033863,0.0,0.0,-1.0,0.0,0.0,0.0,1.0,1.0,nan,3,0.0,0.0,0.0,0.0,0.0,0,0,0,0,0,0,0,0,0,0
134533863,0.0,0.0,-1.0,0.0,0.0,0.0,1.0,1.0,nan,3,0.0,0.0,0.0,0.0,0.0,0,0,0,0,0,0,0,0,0,0
135033925,0.0,0.0,-1.0,0.0,0.0,0.0,1.0,1.0,nan,3,0.0,0.0,0.0,0.0,0.0,0,0,0,0,0,0,0,0,0,0
135533911,0.0,0.0,-1.0,0.0,0.0,0.0,1.0,1.0,nan,3,0.0,0.0,0.0,0.0,0.0,0,0,0,0,0,0,0,0,0,0
136033865,0.0,0.0,-1.0,0.0,0.0,0.0,1.0,1.0,nan,3,0.0,0.0,0.0,0.0,0.0,0,0,0,0,0,0,0,0,0,0
136544134,0.0,0.0,-1.0,0.0,0.0,0.0,1.0,1.0,nan,3,0.0,0.0,0.0,0.0,0.0,0,0,0,0,0,0,0,0,0,0
137044472,0.0,0.0,-1.0,0.0,0.0,0.0,1.0,1.0,nan,3,0.0,0.0,0.0,0.0,0.0,0,0,0,0,0,0,0,0,0,0
137544093,0.0,0.0,-1.0,0.0,0.0,0.0,1.0,1.0,nan,3,0.0,0.0,0.0,0.0,0.0,0,0,0,0,0,0,0,0,0,0
138044048,0.0,0.0,-1.0,0.0,0.0,0.0,1.0,1.0,nan,3,0.0,0.0,0.0,0.0,0.0,0,0,0,0,0,0,0,0,0,0
138544031,0.0,0.0,-1.0,0.0,0.0,0.0,1.0,1.0,nan,3,0.0,0.0,0.0,0.0,0.0,0,0,0,0,0,0,0,0,0,0
139044182,0.0,0.0,-1.0,0.0,0.0,0.0,1.0,1.0,nan,3,0.0,0.0,0.0,0.0,0.0,0,0,0,0,0,0,0,0,0,0
139544127,0.0,0.0,-1.0,0.0,0.0,0.0,1.0,1.0,nan,3,0.0,0.0,0.0,0.0,0.0,0,0,0,0,0,0,0,0,0,0
140044153,0.0,0.0,-1.0,0.0,0.0,0.0,1.0,1.0,nan,3,0.0,0.0,0.0,0.0,0.0,0,0,0,0,0,0,0,0,0,0
140553886,0.0,0.0,-1.0,0.0,0.0,0.0,1.0,1.0,nan,3,0.0,0.0,0.0,0.0,0.0,0,0,0,0,0,0,0,0,0,0
141053872,0.0,0.0,-1.0,0.0,0.0,0.0,1.0,1.0,nan,3,0.0,0.0,0.0,0.0,0.0,0,0,0,0,0,0,0,0,0,0
141553865,0.0,0.0,-1.0,0.0,0.0,0.0,1.0,1.0,nan,3,0.0,0.0,0.0,0.0,0.0,0,0,0,0,0,0,0,0,0,0
142053942,0.0,0.0,-1.0,0.0,0.0,0.0,1.0,1.0,nan,3,0.0,0.0,0.0,0.0,0.0,0,0,0,0,0,0,0,0,0,0
142564406,0.0,0.0,-1.0,0.0,0.0,0.0,1.0,1.0,nan,3,0.0,0.0,0.0,0.0,0.0,0,0,0,0,0,0,0,0,0,0
143064123,0.0,0.0,-1.0,0.0,0.0,0.0,1.0,1.0,nan,3,0.0,0.0,0.0,0.0,0.0,0,0,0,0,0,0,0,0,0,0
143564149,0.0,0.0,-1.0,0.0,0.0,0.0,1.0,1.0,nan,3,0.0,0.0,0.0,0.0,0.0,0,0,0,0,0,0,0,0,0,0
144063863,0.0,0.0,-1.0,0.0,0.0,0.0,1.0,1.0,nan,3,0.0,0.0,0.0,0.0,0.0,0,0,0,0,0,0,0,0,0,0
144564054,0.0,0.0,-1.0,0.0,0.0,0.0,1.0,1.0,nan,3,0.0,0.0,0.0,0.0,0.0,0,0,0,0,0,0,0,0,0,0
145064435,0.0,0.0,-1.0,0.0,0.0,0.0,1.0,1.0,nan,3,0.0,0.0,0.0,0.0,0.0,0,0,0,0,0,0,0,0,0,0
145564187,0.0,0.0,-1.0,0.0,0.0,0.0,1.0,1.0,nan,3,0.0,0.0,0.0,0.0,0.0,0,0,0,0,0,0,0,0,0,0
146064092,0.0,0.0,-1.0,0.0,0.0,0.0,1.0,1.0,nan,3,0.0,0.0,0.0,0.0,0.0,0,0,0,0,0,0,0,0,0,0
146564302,0.0,0.0,-1.0,0.0,0.0,0.0,1.0,1.0,nan,3,0.0,0.0,0.0,0.0,0.0,0,0,0,0,0,0,0,0,0,0
147064233,0.0,0.0,-1.0,0.0,0.0,0.0,1.0,1.0,nan,3,0.0,0.0,0.0,0.0,0.0,0,0,0,0,0,0,0,0,0,0
147574008,0.0,0.0,-1.0,0.0,0.0,0.0,1.0,1.0,nan,3,0.0,0.0,0.0,0.0,0.0,0,0,0,0,0,0,0,0,0,0
148073866,0.0,0.0,-1.0,0.0,0.0,0.0,1.0,1.0,nan,3,0.0,0.0,0.0,0.0,0.0,0,0,0,0,0,0,0,0,0,0
148574715,0.0,0.0,-1.0,0.0,0.0,0.0,1.0,1.0,nan,3,0.0,0.0,0.0,0.0,0.0,0,0,0,0,0,0,0,0,0,0
149073916,0.0,0.0,-1.0,0.0,0.0,0.0,1.0,1.0,nan,3,0.0,0.0,0.0,0.0,0.0,0,0,0,0,0,0,0,0,0,0
149573867,0.0,0.0,-1.0,0.0,0.0,0.0,1.0,1.0,nan,3,0.0,0.0,0.0,0.0,0.0,0,0,0,0,0,0,0,0,0,0
150073863,0.0,0.0,-1.0,0.0,0.0,0.0,1.0,1.0,nan,3,0.0,0.0,0.0,0.0,0.0,0,0,0,0,0,0,0,0,0,0
150573863,0.0,0.0,-1.0,0.0,0.0,0.0,1.0,1.0,nan,3,0.0,0.0,0.0,0.0,0.0,0,0,0,0,0,0,0,0,0,0
151073999,0.0,0.0,-1.0,0.0,0.0,0.0,1.0,1.0,nan,3,0.0,0.0,0.0,0.0,0.0,0,0,0,0,0,0,0,0,0,0
151573866,0.0,0.0,-1.0,0.0,0.0,0.0,1.0,1.0,nan,3,0.0,0.0,0.0,0.0,0.0,0,0,0,0,0,0,0,0,0,0
